"city","city_ascii","ST","state_name","FIPS","county_name_all","IATA","Airport.Name","CY.18.Enplanements","CY.17.Enplanements","X..Change","Latitude","Longitude","Altitude","Timezone","DST","Tz.database","Type","Source","day25"
"Yakima","Yakima","WA","Washington",53077,"Yakima","YKM","Yakima Air Terminal/McAllister Field",69510,71547,"-2.85%",46.56819916,-120.5439987,1099,-8,"A","America/Los_Angeles","airport","OurAirports",1
"Seattle","Seattle","WA","Washington",53033,"King","SEA","Seattle-Tacoma International",24024908,22639124,"6.12%",47.449001,-122.308998,433,-8,"A","America/Los_Angeles","airport","OurAirports",1
"Seattle","Seattle","WA","Washington",53033,"King","BFI","Boeing Field/King County International",18586,17294,"7.47%",47.52999878,-122.302002,21,-8,"A","America/Los_Angeles","airport","OurAirports",1
"Everett","Everett","WA","Washington",53061,"Snohomish","PAE","Snohomish County (Paine Field)",3037,623,"387.48%",47.90629959,-122.2819977,606,-8,"A","America/Los_Angeles","airport","OurAirports",1
"Walla Walla","Walla Walla","WA","Washington",53071,"Walla Walla","ALW","Walla Walla Regional",49527,49702,"-0.35%",46.09489822,-118.288002,1194,-8,"A","America/Los_Angeles","airport","OurAirports",0
"Pullman","Pullman","WA","Washington",53075,"Whitman","PUW","Pullman/Moscow Regional",66699,59246,"12.58%",46.7439,-117.110001,2556,-8,"A","America/Los_Angeles","airport","OurAirports",0
"Spokane","Spokane","WA","Washington",53063,"Spokane","GEG","Spokane International",1872781,1698433,"10.27%",47.61989975,-117.5339966,2376,-8,"A","America/Los_Angeles","airport","OurAirports",1
"Pasco","Pasco","WA","Washington",53021,"Franklin","PSC","Tri-Cities",395348,376044,"5.13%",46.26470184,-119.1190033,410,-8,"A","America/Los_Angeles","airport","OurAirports",0
"Bellingham","Bellingham","WA","Washington",53073,"Whatcom","BLI","Bellingham International",368186,370022,"-0.50%",48.7928009,-122.538002,170,-8,"A","America/Los_Angeles","airport","OurAirports",1
"Appleton","Appleton","WI","Wisconsin",55087,"Outagamie|Calumet|Winnebago","ATW","Appleton International",348026,281552,"23.61%",44.2580986,-88.51909637,918,-6,"A","America/Chicago","airport","OurAirports",0
"Green Bay","Green Bay","WI","Wisconsin",55009,"Brown","GRB","Green Bay-Austin Straubel International",314909,283823,"10.95%",44.48509979,-88.12960052,695,-6,"A","America/Chicago","airport","OurAirports",0
"Madison","Madison","WI","Wisconsin",55025,"Dane","MSN","Dane County Regional-Truax Field",1043185,943363,"10.58%",43.13990021,-89.33750153,887,-6,"A","America/Chicago","airport","OurAirports",1
"Rhinelander","Rhinelander","WI","Wisconsin",55085,"Oneida","RHI","Rhinelander-Oneida County",24477,23014,"6.36%",45.63119888,-89.46749878,1624,-6,"A","America/Chicago","airport","OurAirports",0
"Milwaukee","Milwaukee","WI","Wisconsin",55079,"Milwaukee","MKE","General Mitchell International",3496724,3414477,"2.41%",42.94720078,-87.89659882,723,-6,"A","America/Chicago","airport","OurAirports",1
"La Crosse","La Crosse","WI","Wisconsin",55063,"La Crosse","LSE","La Crosse Regional",99651,92101,"8.20%",43.879002,-91.256699,655,-6,"A","America/Chicago","airport","OurAirports",0
"Eau Claire","Eau Claire","WI","Wisconsin",55035,"Eau Claire|Chippewa","EAU","Chippewa Valley Regional",23950,22822,"4.94%",44.86579895,-91.48429871,913,-6,"A","America/Chicago","airport","OurAirports",0
"Charleston","Charleston","WV","West Virginia",54039,"Kanawha","CRW","Yeager",216873,202778,"6.95%",38.37310028,-81.59320068,981,-5,"A","America/New_York","airport","OurAirports",0
"Lewisburg","Lewisburg","WV","West Virginia",54025,"Greenbrier","LWB","Greenbrier Valley",10359,5495,"88.52%",37.85829926,-80.39949799,2302,-5,"U","America/New_York","airport","OurAirports",0
"Morgantown","Morgantown","WV","West Virginia",54061,"Monongalia","MGW","Morgantown Municipal-Walter L Bill Hart Field",5890,5698,"3.37%",39.64289856,-79.91629791,1248,-5,"A","America/New_York","airport","OurAirports",0
"Clarksburg","Clarksburg","WV","West Virginia",54033,"Harrison","CKB","North Central West Virginia",36917,25105,"47.05%",39.29660034,-80.22810364,1217,-5,"A","America/New_York","airport","OurAirports",0
"Huntington","Huntington","WV","West Virginia",54011,"Cabell|Wayne","HTS","Tri-State/Milton J Ferguson Field",101701,103724,"-1.95%",38.36669922,-82.55799866,828,-5,"A","America/New_York","airport","OurAirports",0
"Kahului","Kahului","HI","Hawaii",15009,"Maui","OGG","Kahului",3571660,3442189,"3.76%",20.8986,-156.429993,54,-10,"N","Pacific/Honolulu","airport","OurAirports",0
"Hilo","Hilo","HI","Hawaii",15001,"Hawaii","ITO","Hilo International",599148,664790,"-9.87%",19.72139931,-155.0480042,38,-10,"N","Pacific/Honolulu","airport","OurAirports",0
"Honolulu","Honolulu","HI","Hawaii",15003,"Honolulu","HNL","Daniel K Inouye International",10017149,9743989,"2.80%",21.32062,-157.924228,13,-10,"N","Pacific/Honolulu","airport","OurAirports",0
"Lihue","Lihue","HI","Hawaii",15007,"Kauai","LIH","Lihue",1644590,1535075,"7.13%",21.97599983,-159.3390045,153,-10,"N","Pacific/Honolulu","airport","OurAirports",0
"Hana","Hana","HI","Hawaii",15009,"Maui","HNM","Hana",2676,2967,"-9.81%",20.79560089,-156.0140076,78,-10,"A","Pacific/Honolulu","airport","OurAirports",0
"Sanford","Sanford","FL","Florida",12117,"Seminole","SFB","Orlando Sanford International",1504888,1434990,"4.87%",28.77759933,-81.23750305,55,-5,"A","America/New_York","airport","OurAirports",1
"Tampa","Tampa","FL","Florida",12057,"Hillsborough","TPA","Tampa International",10368514,9548580,"8.59%",27.97550011,-82.53320313,26,-5,"A","America/New_York","airport","OurAirports",1
"Pensacola","Pensacola","FL","Florida",12033,"Escambia","PNS","Pensacola International",972081,839248,"15.83%",30.47340012,-87.18659973,121,-6,"A","America/Chicago","airport","OurAirports",1
"Orlando","Orlando","FL","Florida",12095,"Orange","MCO","Orlando International",23202480,21565448,"7.59%",28.42939949,-81.30899811,96,-5,"A","America/New_York","airport","OurAirports",1
"Daytona Beach","Daytona Beach","FL","Florida",12127,"Volusia","DAB","Daytona Beach International",366967,346470,"5.92%",29.179899,-81.058098,34,-5,"A","America/New_York","airport","OurAirports",1
"Fort Myers","Fort Myers","FL","Florida",12071,"Lee","RSW","Southwest Florida International",4602113,4364224,"5.45%",26.53619957,-81.75520325,30,-5,"A","America/New_York","airport","OurAirports",1
"Vero Beach","Vero Beach","FL","Florida",12061,"Indian River","VRB","Vero Beach Regional",10314,9110,"13.22%",27.6556,-80.417901,24,-5,"A","America/New_York","airport","OurAirports",0
"Key West","Key West","FL","Florida",12087,"Monroe","EYW","Key West International",446005,392381,"13.67%",24.55610085,-81.75959778,3,-5,"A","America/New_York","airport","OurAirports",1
"Sarasota","Sarasota","FL","Florida",12115,"Sarasota","SRQ","Sarasota/Bradenton International",685001,590941,"15.92%",27.39539909,-82.55439758,30,-5,"A","America/New_York","airport","OurAirports",1
"Valparaiso","Valparaiso","FL","Florida",12091,"Okaloosa","VPS","Eglin AFB/Destin-Ft Walton Beach",683759,567633,"20.46%",30.4832,-86.525398,87,-6,"A","America/Chicago","airport","OurAirports",1
"Tallahassee","Tallahassee","FL","Florida",12073,"Leon","TLH","Tallahassee International",384136,350174,"9.70%",30.39649963,-84.35030365,81,-5,"A","America/New_York","airport","OurAirports",1
"Punta Gorda","Punta Gorda","FL","Florida",12015,"Charlotte","PGD","Punta Gorda",787022,643563,"22.29%",26.92020035,-81.9905014,26,-5,"A","America/New_York","airport","OurAirports",1
"Jacksonville","Jacksonville","FL","Florida",12031,"Duval","JAX","Jacksonville International",3135508,2701861,"16.05%",30.49410057,-81.68789673,30,-5,"A","America/New_York","airport","OurAirports",1
"Melbourne","Melbourne","FL","Florida",12009,"Brevard","MLB","Melbourne International",234939,221928,"5.86%",28.10280037,-80.64530182,33,-5,"A","America/New_York","airport","OurAirports",0
"Panama City","Panama City","FL","Florida",12005,"Bay","ECP","Northwest Florida Beaches International",512423,454712,"12.69%",30.357106,-85.795414,69,-6,"A","America/Chicago","airport","OurAirports",1
"Gainesville","Gainesville","FL","Florida",12001,"Alachua","GNV","Gainesville Regional",233955,218578,"7.04%",29.69009972,-82.27179718,152,-5,"A","America/New_York","airport","OurAirports",1
"Fort Lauderdale","Fort Lauderdale","FL","Florida",12011,"Broward","FLL","Fort Lauderdale/Hollywood International",17612331,15817043,"11.35%",26.072599,-80.152702,9,-5,"A","America/New_York","airport","OurAirports",1
"Miami","Miami","FL","Florida",12086,"Miami-Dade","MIA","Miami International",21021640,20709225,"1.51%",25.79319954,-80.29060364,8,-5,"A","America/New_York","airport","OurAirports",1
"West Palm Beach","West Palm Beach","FL","Florida",12099,"Palm Beach","PBI","Palm Beach International",3270605,3110450,"5.15%",26.68320084,-80.09559631,19,-5,"A","America/New_York","airport","OurAirports",1
"Laramie","Laramie","WY","Wyoming",56001,"Albany","LAR","Laramie Regional",17188,16072,"6.94%",41.31209946,-105.6750031,7284,-7,"A","America/Denver","airport","OurAirports",0
"Cody","Cody","WY","Wyoming",56029,"Park","COD","Yellowstone Regional",39407,39578,"-0.43%",44.52019882,-109.0240021,5102,-7,"A","America/Denver","airport","OurAirports",0
"Cheyenne","Cheyenne","WY","Wyoming",56021,"Laramie","CYS","Cheyenne Regional/Jerry Olson Field",3234,1894,"70.75%",41.15570068,-104.8119965,6159,-7,"A","America/Denver","airport","OurAirports",0
"Gillette","Gillette","WY","Wyoming",56005,"Campbell","GCC","Gillette-Campbell County",27136,29271,"-7.29%",44.34889984,-105.5390015,4365,-7,"A","America/Denver","airport","OurAirports",0
"Sheridan","Sheridan","WY","Wyoming",56033,"Sheridan","SHR","Sheridan County",13182,10876,"21.20%",44.76919937,-106.9800034,4021,-7,"A","America/Denver","airport","OurAirports",1
"Casper","Casper","WY","Wyoming",56025,"Natrona","CPR","Casper/Natrona County International",86905,96843,"-10.26%",42.908001,-106.463997,5350,-7,"A","America/Denver","airport","OurAirports",0
"Rock Springs","Rock Springs","WY","Wyoming",56037,"Sweetwater","RKS","Southwest Wyoming Regional",23020,18109,"27.12%",41.5942,-109.065001,6764,-7,"A","America/Denver","airport","OurAirports",0
"Portsmouth","Portsmouth","NH","New Hampshire",33015,"Rockingham","PSM","Portsmouth International at Pease",92836,105077,"-11.65%",43.07789993,-70.82330322,100,-5,"A","America/New_York","airport","OurAirports",1
"Lebanon","Lebanon","NH","New Hampshire",33009,"Grafton","LEB","Lebanon Municipal",10360,10383,"-0.22%",43.62609863,-72.30419922,603,-5,"A","America/New_York","airport","OurAirports",1
"Trenton","Trenton","NJ","New Jersey",34021,"Mercer","TTN","Trenton Mercer",404349,363654,"11.19%",40.27669907,-74.81349945,213,-5,"A","America/New_York","airport","OurAirports",1
"Newark","Newark","NJ","New Jersey",34013,"Essex","EWR","Newark Liberty International",22797602,21571198,"5.69%",40.69250107,-74.16870117,18,-5,"A","America/New_York","airport","OurAirports",1
"Atlantic City","Atlantic City","NJ","New Jersey",34001,"Atlantic","ACY","Atlantic City International",568958,552690,"2.94%",39.45759964,-74.57720184,75,-5,"A","America/New_York","airport","OurAirports",0
"Albuquerque","Albuquerque","NM","New Mexico",35001,"Bernalillo","ABQ","Albuquerque International Sunport",2647269,2412328,"9.74%",35.040199,-106.609001,5355,-7,"A","America/Denver","airport","OurAirports",1
"Roswell","Roswell","NM","New Mexico",35005,"Chaves","ROW","Roswell International Air Center",56632,55211,"2.57%",33.30160141,-104.5309982,3671,-7,"A","America/Denver","airport","OurAirports",0
"Hobbs","Hobbs","NM","New Mexico",35025,"Lea","HOB","Lea County Regional",23475,16216,"44.76%",32.6875,-103.2170029,3661,-7,"A","America/Denver","airport","OurAirports",0
"Clovis","Clovis","NM","New Mexico",35009,"Curry","CVN","Clovis Municipal",4750,5053,"-6.00%",34.42509842,-103.0790024,4216,-7,"A","America/Denver","airport","OurAirports",0
"Carlsbad","Carlsbad","NM","New Mexico",35015,"Eddy","CNM","Cavern City Air Terminal",5124,3972,"29.00%",32.33750153,-104.2630005,3295,-7,"A","America/Denver","airport","OurAirports",0
"Santa Fe","Santa Fe","NM","New Mexico",35049,"Santa Fe","SAF","Santa Fe Municipal",115787,103679,"11.68%",35.61709976,-106.0889969,6348,-7,"A","America/Denver","airport","OurAirports",1
"Brownsville","Brownsville","TX","Texas",48061,"Cameron","BRO","Brownsville/South Padre Island International",115711,116197,"-0.42%",25.90679932,-97.42590332,22,-6,"A","America/Chicago","airport","OurAirports",0
"College Station","College Station","TX","Texas",48041,"Brazos","CLL","Easterwood Field",79309,73430,"8.01%",30.58860016,-96.36380005,320,-6,"A","America/Chicago","airport","OurAirports",0
"Del Rio","Del Rio","TX","Texas",48465,"Val Verde","DRT","Del Rio International",2712,807,"236.06%",29.37420082,-100.927002,1002,-6,"A","America/Chicago","airport","OurAirports",0
"Victoria","Victoria","TX","Texas",48469,"Victoria","VCT","Victoria Regional",2761,2418,"14.19%",28.8526001,-96.91850281,115,-6,"A","America/Chicago","airport","OurAirports",0
"Wichita Falls","Wichita Falls","TX","Texas",48485,"Wichita","SPS","Sheppard AFB/Wichita Falls Municipal",38026,38773,"-1.93%",33.9888,-98.491898,1019,-6,"A","America/Chicago","airport","OurAirports",0
"Dallas","Dallas","TX","Texas",48113,"Dallas|Collin|Denton|Kaufman|Rockwall","DAL","Dallas Love Field",8011221,7593361,"5.50%",32.847099,-96.851799,487,-6,"A","America/Chicago","airport","OurAirports",1
"El Paso","El Paso","TX","Texas",48141,"El Paso","ELP","El Paso International",1605486,1450115,"10.71%",31.80719948,-106.3779984,3959,-7,"A","America/Denver","airport","OurAirports",1
"Amarillo","Amarillo","TX","Texas",48375,"Potter|Randall","AMA","Rick Husband Amarillo International",355705,334563,"6.32%",35.219398,-101.706001,3607,-6,"A","America/Chicago","airport","OurAirports",0
"San Angelo","San Angelo","TX","Texas",48451,"Tom Green","SJT","San Angelo Regional/Mathis Field",55301,59206,"-6.60%",31.35770035,-100.4960022,1919,-6,"A","America/Chicago","airport","OurAirports",0
"San Antonio","San Antonio","TX","Texas",48029,"Bexar|Medina","SAT","San Antonio International",4844427,4382127,"10.55%",29.53370094,-98.46980286,809,-6,"A","America/Chicago","airport","OurAirports",1
"Longview","Longview","TX","Texas",48183,"Gregg|Harrison","GGG","East Texas Regional",24588,19261,"27.66%",32.38399887,-94.71150208,365,-6,"A","America/Chicago","airport","OurAirports",1
"Lubbock","Lubbock","TX","Texas",48303,"Lubbock","LBB","Lubbock Preston Smith International",484010,460236,"5.17%",33.663601,-101.822998,3282,-6,"A","America/Chicago","airport","OurAirports",0
"Killeen","Killeen","TX","Texas",48027,"Bell","GRK","Robert Gray AAF",154328,154951,"-0.40%",31.06719971,-97.8289032,1015,-6,"A","America/Chicago","airport","OurAirports",1
"Beaumont","Beaumont","TX","Texas",48245,"Jefferson","BPT","Jack Brooks Regional",27694,23767,"16.52%",29.95079994,-94.02069855,15,-6,"A","America/Chicago","airport","OurAirports",0
"Corpus Christi","Corpus Christi","TX","Texas",48355,"Nueces|San Patricio|Aransas|Kleberg","CRP","Corpus Christi International",332499,320263,"3.82%",27.77039909,-97.50119781,44,-6,"A","America/Chicago","airport","OurAirports",0
"Harlingen","Harlingen","TX","Texas",48061,"Cameron","HRL","Valley International",302236,273070,"10.68%",26.22850037,-97.65440369,36,-6,"A","America/Chicago","airport","OurAirports",0
"Abilene","Abilene","TX","Texas",48441,"Taylor|Jones","ABI","Abilene Regional",77229,85085,"-9.23%",32.41130066,-99.68190002,1791,-6,"A","America/Chicago","airport","OurAirports",0
"Houston","Houston","TX","Texas",48201,"Harris|Fort Bend|Montgomery","IAH","George Bush Intercontinental/Houston",21157398,19603731,"7.93%",29.9843998,-95.34140015,97,-6,"A","America/Chicago","airport","OurAirports",1
"Houston","Houston","TX","Texas",48201,"Harris|Fort Bend|Montgomery","HOU","William P Hobby",7053886,6538976,"7.87%",29.64539909,-95.27890015,46,-6,"A","America/Chicago","airport","OurAirports",1
"Tyler","Tyler","TX","Texas",48423,"Smith","TYR","Tyler Pounds Regional",48532,49653,"-2.26%",32.35409927,-95.40239716,544,-6,"A","America/Chicago","airport","OurAirports",1
"Austin","Austin","TX","Texas",48453,"Travis|Williamson|Hays","AUS","Austin-Bergstrom International",7714479,6813171,"13.23%",30.19449997,-97.66989899,542,-6,"A","America/Chicago","airport","OurAirports",1
"Midland","Midland","TX","Texas",48329,"Midland","MAF","Midland International Air And Space Port",618794,516983,"19.69%",31.94249916,-102.2020035,2871,-6,"A","America/Chicago","airport","OurAirports",0
"Waco","Waco","TX","Texas",48309,"McLennan","ACT","Waco Regional",57344,58888,"-2.62%",31.61129951,-97.23049927,516,-6,"A","America/Chicago","airport","OurAirports",0
"Laredo","Laredo","TX","Texas",48479,"Webb","LRD","Laredo International",95858,91462,"4.81%",27.54380035,-99.46160126,508,-6,"A","America/Chicago","airport","OurAirports",0
"Baton Rouge","Baton Rouge","LA","Louisiana",22033,"East Baton Rouge","BTR","Baton Rouge Metropolitan, Ryan Field",390107,377670,"3.29%",30.533199,-91.149597,70,-6,"A","America/Chicago","airport","OurAirports",0
"Alexandria","Alexandria","LA","Louisiana",22079,"Rapides","AEX","Alexandria International",143173,156145,"-8.31%",31.32740021,-92.54979706,89,-6,"A","America/Chicago","airport","OurAirports",0
"Monroe","Monroe","LA","Louisiana",22073,"Ouachita","MLU","Monroe Regional",107107,103547,"3.44%",32.51089859,-92.03769684,79,-6,"A","America/Chicago","airport","OurAirports",0
"Lafayette","Lafayette","LA","Louisiana",22055,"Lafayette","LFT","Lafayette Regional/Paul Fournet Field",223529,202640,"10.31%",30.20529938,-91.98760223,42,-6,"A","America/Chicago","airport","OurAirports",0
"Shreveport","Shreveport","LA","Louisiana",22017,"Caddo|Bossier","SHV","Shreveport Regional",291136,267646,"8.78%",32.446602,-93.8256,258,-6,"A","America/Chicago","airport","OurAirports",1
"Lake Charles","Lake Charles","LA","Louisiana",22019,"Calcasieu","LCH","Lake Charles Regional",58122,50899,"14.19%",30.12610054,-93.22329712,15,-6,"A","America/Chicago","airport","OurAirports",0
"Mountain Village","Mountain Village","AK","Alaska",2158,"Kusilvak","MOU","Mountain Village",3222,3263,"-1.26%",62.09540176,-163.6820068,337,-9,"A","America/Anchorage","airport","OurAirports",0
"Sitka","Sitka","AK","Alaska",2220,"Sitka","SIT","Sitka Rocky Gutierrez",87119,83598,"4.21%",57.04710007,-135.3619995,21,-9,"A","America/Anchorage","airport","OurAirports",0
"Petersburg","Petersburg","AK","Alaska",2195,"Petersburg Borough","PSG","Petersburg James A Johnson",24520,22915,"7.00%",56.80170059,-132.9450073,111,-9,"A","America/Anchorage","airport","OurAirports",0
"Aniak","Aniak","AK","Alaska",2050,"Bethel","ANI","Aniak",12853,12735,"0.93%",61.58160019,-159.5429993,88,-9,"A","America/Anchorage","airport","OurAirports",0
"Kiana","Kiana","AK","Alaska",2188,"Northwest Arctic","IAN","Bob Baker Memorial",3718,3485,"6.69%",66.97599792,-160.4369965,166,-9,"A","America/Anchorage","airport","OurAirports",0
"Brevig Mission","Brevig Mission","AK","Alaska",2180,"Nome","KTS","Brevig Mission",2626,2413,"8.83%",65.33129883,-166.4660034,38,-9,"A","America/Anchorage","airport","OurAirports",0
"Savoonga","Savoonga","AK","Alaska",2180,"Nome","SVA","Savoonga",3926,4188,"-6.26%",63.68640137,-170.4929962,53,-9,"A","America/Anchorage","airport","OurAirports",0
"Wrangell","Wrangell","AK","Alaska",2275,"Wrangell","WRG","Wrangell",14033,13160,"6.63%",56.48429871,-132.3699951,49,-9,"A","America/Anchorage","airport","OurAirports",0
"Anaktuvuk Pass","Anaktuvuk Pass","AK","Alaska",2185,"North Slope","AKP","Anaktuvuk Pass",3369,3856,"-12.63%",68.13359833,-151.7429962,2102,-9,"A","America/Anchorage","airport","OurAirports",0
"Iliamna","Iliamna","AK","Alaska",2164,"Lake and Peninsula","ILI","Iliamna",5553,5752,"-3.46%",59.75439835,-154.9109955,192,-9,"A","America/Anchorage","airport","OurAirports",0
"Gambell","Gambell","AK","Alaska",2180,"Nome","GAM","Gambell",3610,3493,"3.35%",63.76679993,-171.7330017,27,-9,"A","America/Anchorage","airport","OurAirports",0
"King Salmon","King Salmon","AK","Alaska",2060,"Bristol Bay","AKN","King Salmon",44131,34800,"26.81%",58.67679977,-156.6490021,73,-9,"A","America/Anchorage","airport","OurAirports",0
"Hooper Bay","Hooper Bay","AK","Alaska",2158,"Kusilvak","HPB","Hooper Bay",5160,5022,"2.75%",61.52389908,-166.1470032,13,-9,"A","America/Anchorage","airport","OurAirports",0
"Bethel","Bethel","AK","Alaska",2050,"Bethel","BET","Bethel",160110,146652,"9.18%",60.77980042,-161.8379974,126,-9,"A","America/Anchorage","airport","OurAirports",0
"Sand Point","Sand Point","AK","Alaska",2013,"Aleutians East","SDP","Sand Point",3636,3998,"-9.05%",55.31499863,-160.522995,21,-9,"A","America/Anchorage","airport","OurAirports",0
"Kodiak","Kodiak","AK","Alaska",2150,"Kodiak Island","ADQ","Kodiak",81562,83577,"-2.41%",57.75,-152.4940033,78,-9,"A","America/Anchorage","airport","OurAirports",0
"Elim","Elim","AK","Alaska",2180,"Nome","ELI","Elim",2694,2313,"16.47%",64.61470032,-162.2720032,162,-9,"A","America/Anchorage","airport","OurAirports",0
"Shishmaref","Shishmaref","AK","Alaska",2180,"Nome","SHH","Shishmaref",3350,3360,"-0.30%",66.249604,-166.089112,12,-9,"A","America/Anchorage","airport","OurAirports",0
"Fairbanks","Fairbanks","AK","Alaska",2090,"Fairbanks North Star","FAI","Fairbanks International",549289,543839,"1.00%",64.81510162,-147.8560028,439,-9,"A","America/Anchorage","airport","OurAirports",0
"Galena","Galena","AK","Alaska",2290,"Yukon-Koyukuk","GAL","Edward G Pitka Sr",9440,9664,"-2.32%",64.73619843,-156.9369965,153,-9,"A","America/Anchorage","airport","OurAirports",0
"Kwethluk","Kwethluk","AK","Alaska",2050,"Bethel","KWT","Kwethluk",3685,2948,"25.00%",60.79029846,-161.4440002,25,-9,"A","America/Anchorage","airport","OurAirports",0
"Valdez","Valdez","AK","Alaska",2261,"Valdez-Cordova","VDZ","Valdez Pioneer Field",10050,11321,"-11.23%",61.13389969,-146.2480011,121,-9,"A","America/Anchorage","airport","OurAirports",0
"Unalakleet","Unalakleet","AK","Alaska",2180,"Nome","UNK","Unalakleet",16208,16111,"0.60%",63.88840103,-160.798996,27,-9,"A","America/Anchorage","airport","OurAirports",0
"Russian Mission","Russian Mission","AK","Alaska",2158,"Kusilvak","RSH","Russian Mission",2506,2132,"17.54%",61.77888489,-161.319458,51,-9,"A","America/Anchorage","airport","OurAirports",0
"Fort Yukon","Fort Yukon","AK","Alaska",2290,"Yukon-Koyukuk","FYU","Fort Yukon",6641,6799,"-2.32%",66.57150269,-145.25,433,-9,"A","America/Anchorage","airport","OurAirports",0
"Gustavus","Gustavus","AK","Alaska",2105,"Hoonah-Angoon","GST","Gustavus",11023,9061,"21.65%",58.4253006,-135.7070007,35,-9,"A","America/Anchorage","airport","OurAirports",0
"Kivalina","Kivalina","AK","Alaska",2188,"Northwest Arctic","KVL","Kivalina",3580,3454,"3.65%",67.73619843,-164.5630035,13,-9,"A","America/Anchorage","airport","OurAirports",0
"Nome","Nome","AK","Alaska",2180,"Nome","OME","Nome",64122,61651,"4.01%",64.5121994,-165.4450073,37,-9,"A","America/Anchorage","airport","OurAirports",0
"Haines","Haines","AK","Alaska",2100,"Haines","HNS","Haines",8026,7864,"2.06%",59.24380112,-135.5240021,15,-9,"A","America/Anchorage","airport","OurAirports",0
"Ketchikan","Ketchikan","AK","Alaska",2130,"Ketchikan Gateway","KTN","Ketchikan International",135389,131144,"3.24%",55.35559845,-131.7140045,89,-9,"A","America/Anchorage","airport","OurAirports",0
"Juneau","Juneau","AK","Alaska",2110,"Juneau","JNU","Juneau International",440277,422266,"4.27%",58.35499954,-134.576004,21,-9,"A","America/Anchorage","airport","OurAirports",0
"Alakanuk","Alakanuk","AK","Alaska",2158,"Kusilvak","AUK","Alakanuk",2837,2733,"3.81%",62.68004227,-164.6599274,10,-9,"A","America/Anchorage","airport","OurAirports",0
"Unalaska","Unalaska","AK","Alaska",2016,"Aleutians West","DUT","Unalaska",29229,30080,"-2.83%",53.90010071,-166.5440063,22,-9,"A","America/Anchorage","airport","OurAirports",0
"Cordova","Cordova","AK","Alaska",2261,"Valdez-Cordova","CDV","Merle K (Mudhole) Smith",17654,18280,"-3.42%",60.4917984,-145.4779968,54,-9,"A","America/Anchorage","airport","OurAirports",0
"Akiak","Akiak","AK","Alaska",2050,"Bethel","AKI","Akiak",2525,1966,"28.43%",60.9029007,-161.2310028,30,-9,"A","America/Anchorage","airport","OurAirports",0
"Yakutat","Yakutat","AK","Alaska",2282,"Yakutat","YAK","Yakutat",11800,10886,"8.40%",59.50329971,-139.6600037,33,-9,"A","America/Anchorage","airport","OurAirports",0
"Scammon Bay","Scammon Bay","AK","Alaska",2158,"Kusilvak","SCM","Scammon Bay",4417,4093,"7.92%",61.84529877,-165.5709991,14,-9,"A","America/Anchorage","airport","OurAirports",0
"Kotzebue","Kotzebue","AK","Alaska",2188,"Northwest Arctic","OTZ","Ralph Wien Memorial",69070,67951,"1.65%",66.88469696,-162.598999,14,-9,"A","America/Anchorage","airport","OurAirports",0
"Homer","Homer","AK","Alaska",2122,"Kenai Peninsula","HOM","Homer",46867,46322,"1.18%",59.64559937,-151.477005,84,-9,"A","America/Anchorage","airport","OurAirports",0
"Cold Bay","Cold Bay","AK","Alaska",2013,"Aleutians East","CDB","Cold Bay",7042,7338,"-4.03%",55.20610046,-162.7250061,96,-9,"A","America/Anchorage","airport","OurAirports",0
"Noatak","Noatak","AK","Alaska",2188,"Northwest Arctic","WTK","Noatak",4984,4716,"5.68%",67.56610107,-162.9750061,88,-9,"A","America/Anchorage","airport","OurAirports",0
"Nulato","Nulato","AK","Alaska",2290,"Yukon-Koyukuk","NUL","Nulato",2585,2440,"5.94%",64.729301,-158.074005,399,-9,"A","America/Anchorage","airport","OurAirports",0
"Hoonah","Hoonah","AK","Alaska",2105,"Hoonah-Angoon","HNH","Hoonah",6817,6820,"-0.04%",58.0961,-135.410111,19,-9,"A","America/Anchorage","airport","OurAirports",0
"Chevak","Chevak","AK","Alaska",2158,"Kusilvak","VAK","Chevak",5891,5243,"12.36%",61.5409,-165.6005,75,-9,"A","America/Anchorage","airport","OurAirports",0
"Eek","Eek","AK","Alaska",2050,"Bethel","EEK","Eek",3382,2839,"19.13%",60.21367264,-162.0438843,12,-9,"A","America/Anchorage","airport","OurAirports",0
"Seldovia","Seldovia","AK","Alaska",2122,"Kenai Peninsula","SOV","Seldovia",4315,4206,"2.59%",59.44240189,-151.7039948,29,-9,"A","\N","airport","OurAirports",0
"Anchorage","Anchorage","AK","Alaska",2020,"Anchorage","ANC","Ted Stevens Anchorage International",2642607,2556191,"3.38%",61.17440033,-149.9960022,152,-9,"A","America/Anchorage","airport","OurAirports",0
"Anchorage","Anchorage","AK","Alaska",2020,"Anchorage","MRI","Merrill Field",10478,18298,"-42.74%",61.21350098,-149.8439941,137,-9,"A","America/Anchorage","airport","OurAirports",0
"Dillingham","Dillingham","AK","Alaska",2070,"Dillingham","DLG","Dillingham",34496,28895,"19.38%",59.04470062,-158.5050049,81,-9,"A","America/Anchorage","airport","OurAirports",0
"Selawik","Selawik","AK","Alaska",2188,"Northwest Arctic","WLK","Selawik",5094,5260,"-3.16%",66.60009766,-159.9859924,17,-9,"A","America/Anchorage","airport","OurAirports",0
"Kenai","Kenai","AK","Alaska",2122,"Kenai Peninsula","ENA","Kenai Municipal",93889,92973,"0.99%",60.57310104,-151.2449951,99,-9,"A","America/Anchorage","airport","OurAirports",0
"Skagway","Skagway","AK","Alaska",2230,"Skagway","SGY","Skagway",7324,7380,"-0.76%",59.46009827,-135.3159943,44,-9,"A","America/Anchorage","airport","OurAirports",0
"Greenville","Greenville","NC","North Carolina",37147,"Pitt","PGV","Pitt-Greenville",51599,51966,"-0.71%",35.6352005,-77.38529968,26,-5,"A","America/New_York","airport","OurAirports",0
"Wilmington","Wilmington","NC","North Carolina",37129,"New Hanover","ILM","Wilmington International",468816,422553,"10.95%",34.27059937,-77.90260315,32,-5,"A","America/New_York","airport","OurAirports",0
"Asheville","Asheville","NC","North Carolina",37021,"Buncombe","AVL","Asheville Regional",573206,478061,"19.90%",35.43619919,-82.54180145,2165,-5,"A","America/New_York","airport","OurAirports",0
"Charlotte","Charlotte","NC","North Carolina",37119,"Mecklenburg","CLT","Charlotte/Douglas International",22281949,22011251,"1.23%",35.2140007,-80.94309998,748,-5,"A","America/New_York","airport","OurAirports",1
"Fayetteville","Fayetteville","NC","North Carolina",37051,"Cumberland","FAY","Fayetteville Regional/Grannis Field",234998,238568,"-1.50%",34.99119949,-78.88030243,189,-5,"A","America/New_York","airport","OurAirports",0
"New Bern","New Bern","NC","North Carolina",37049,"Craven","EWN","Coastal Carolina Regional",111172,111147,"0.02%",35.07300186,-77.04290009,18,-5,"A","America/New_York","airport","OurAirports",1
"Greensboro","Greensboro","NC","North Carolina",37081,"Guilford","GSO","Piedmont Triad International",938593,881024,"6.53%",36.09780121,-79.93730164,925,-5,"A","America/New_York","airport","OurAirports",0
"Devils Lake","Devils Lake","ND","North Dakota",38071,"Ramsey","DVL","Devils Lake Regional",6628,7767,"-14.66%",48.11420059,-98.90879822,1456,-6,"A","America/Chicago","airport","OurAirports",0
"Bismarck","Bismarck","ND","North Dakota",38015,"Burleigh","BIS","Bismarck Municipal",285198,275098,"3.67%",46.77270126,-100.7460022,1661,-6,"A","America/Chicago","airport","OurAirports",0
"Dickinson","Dickinson","ND","North Dakota",38089,"Stark","DIK","Dickinson - Theodore Roosevelt Regional",22595,18963,"19.15%",46.79740143,-102.802002,2592,-7,"A","America/Denver","airport","OurAirports",0
"Minot","Minot","ND","North Dakota",38101,"Ward","MOT","Minot International",149865,141161,"6.17%",48.25939941,-101.2799988,1716,-6,"A","America/Chicago","airport","OurAirports",1
"Grand Forks","Grand Forks","ND","North Dakota",38035,"Grand Forks","GFK","Grand Forks International",114578,117520,"-2.50%",47.949299,-97.176102,845,-6,"A","America/Chicago","airport","OurAirports",0
"Fargo","Fargo","ND","North Dakota",38017,"Cass","FAR","Hector International",429667,404937,"6.11%",46.92070007,-96.81580353,902,-6,"A","America/Chicago","airport","OurAirports",0
"Jamestown","Jamestown","ND","North Dakota",38093,"Stutsman","JMS","Jamestown Regional",11768,10917,"7.80%",46.92969894,-98.67819977,1500,-6,"A","America/Chicago","airport","OurAirports",0
"Chadron","Chadron","NE","Nebraska",31045,"Dawes","CDR","Chadron Municipal",5218,5532,"-5.68%",42.83760071,-103.0950012,3297,-7,"A","America/Denver","airport","OurAirports",0
"North Platte","North Platte","NE","Nebraska",31111,"Lincoln","LBF","North Platte Regional Airport Lee Bird Field",13798,3911,"252.80%",41.12620163,-100.6839981,2777,-6,"A","America/Chicago","airport","OurAirports",0
"Alliance","Alliance","NE","Nebraska",31013,"Box Butte","AIA","Alliance Municipal",2921,2460,"18.74%",42.05319977,-102.8040009,3931,-7,"A","America/Denver","airport","OurAirports",0
"Scottsbluff","Scottsbluff","NE","Nebraska",31157,"Scotts Bluff","BFF","Western Nebraska Regional/William B Heilig Field",14295,3709,"285.41%",41.87400055,-103.5960007,3967,-7,"A","America/Denver","airport","OurAirports",0
"Grand Island","Grand Island","NE","Nebraska",31079,"Hall","GRI","Central Nebraska Regional",63298,66842,"-5.30%",40.96749878,-98.30960083,1847,-6,"A","America/Chicago","airport","OurAirports",0
"Omaha","Omaha","NE","Nebraska",31055,"Douglas","OMA","Eppley Airfield",2454878,2243658,"9.41%",41.3032,-95.894096,984,-6,"A","America/Chicago","airport","OurAirports",1
"Lincoln","Lincoln","NE","Nebraska",31109,"Lancaster","LNK","Lincoln",150214,154465,"-2.75%",40.85100174,-96.75920105,1219,-6,"A","America/Chicago","airport","OurAirports",0
"Jackson","Jackson","TN","Tennessee",47113,"Madison","MKL","McKellar-Sipes Regional",5706,4007,"42.40%",35.599899,-88.915604,434,-6,"A","America/Chicago","airport","OurAirports",0
"Chattanooga","Chattanooga","TN","Tennessee",47065,"Hamilton","CHA","Lovell Field",504833,482113,"4.71%",35.03530121,-85.20379639,683,-5,"A","America/New_York","airport","OurAirports",1
"Nashville","Nashville","TN","Tennessee",47037,"Davidson","BNA","Nashville International",8017347,6902771,"16.15%",36.12450027,-86.67819977,599,-6,"A","America/Chicago","airport","OurAirports",1
"Memphis","Memphis","TN","Tennessee",47157,"Shelby","MEM","Memphis International",2213083,2102739,"5.25%",35.04240036,-89.97669983,341,-6,"A","America/Chicago","airport","OurAirports",1
"Newburgh","Newburgh","NY","New York",36071,"Orange","SWF","New York Stewart International",354869,228640,"55.21%",41.5041008,-74.10479736,491,-5,"A","America/New_York","airport","OurAirports",1
"Plattsburgh","Plattsburgh","NY","New York",36019,"Clinton","PBG","Plattsburgh International",119783,139398,"-14.07%",44.65090179,-73.4681015,234,-5,"A","America/New_York","airport","OurAirports",0
"Niagara Falls","Niagara Falls","NY","New York",36063,"Niagara","IAG","Niagara Falls International",119182,142605,"-16.43%",43.1072998,-78.94619751,589,-5,"A","America/New_York","airport","OurAirports",0
"Syracuse","Syracuse","NY","New York",36067,"Onondaga","SYR","Syracuse Hancock International",1139568,1013149,"12.48%",43.11119843,-76.10630035,421,-5,"A","America/New_York","airport","OurAirports",0
"Albany","Albany","NY","New York",36001,"Albany","ALB","Albany International",1440674,1393666,"3.37%",42.74829865,-73.80169678,285,-5,"A","America/New_York","airport","OurAirports",1
"Saranac Lake","Saranac Lake","NY","New York",36033,"Franklin","SLK","Adirondack Regional",5273,4977,"5.95%",44.38529968,-74.20619965,1663,-5,"A","America/New_York","airport","OurAirports",0
"Elmira","Elmira","NY","New York",36015,"Chemung","ELM","Elmira/Corning Regional",141075,126472,"11.55%",42.15990067,-76.89160156,954,-5,"A","America/New_York","airport","OurAirports",0
"Binghamton","Binghamton","NY","New York",36007,"Broome","BGM","Greater Binghamton/Edwin A Link Field",36382,33425,"8.85%",42.20869827,-75.97979736,1636,-5,"A","America/New_York","airport","OurAirports",1
"Buffalo","Buffalo","NY","New York",36029,"Erie","BUF","Buffalo Niagara International",2523158,2348512,"7.44%",42.94049835,-78.73220062,728,-5,"A","America/New_York","airport","OurAirports",1
"Rochester","Rochester","NY","New York",36055,"Monroe","ROC","Greater Rochester International",1281908,1205774,"6.31%",43.1189003,-77.67240143,559,-5,"A","America/New_York","airport","OurAirports",1
"Watertown","Watertown","NY","New York",36045,"Jefferson","ART","Watertown International",23844,22785,"4.65%",43.9919014,-76.021698,325,-5,"A","America/New_York","airport","OurAirports",0
"Ogdensburg","Ogdensburg","NY","New York",36089,"St. Lawrence","OGS","Ogdensburg International",23448,22957,"2.14%",44.68190002,-75.46549988,297,-5,"A","America/New_York","airport","OurAirports",0
"White Plains","White Plains","NY","New York",36119,"Westchester","HPN","Westchester County",789283,759334,"3.94%",41.06700134,-73.70760345,439,-5,"A","America/New_York","airport","OurAirports",1
"New York","New York","NY","New York",36061,"New York","JFK","John F Kennedy International",30620769,29533154,"3.68%",40.63980103,-73.77890015,13,-5,"A","America/New_York","airport","OurAirports",1
"New York","New York","NY","New York",36061,"New York","LGA","Laguardia",15058501,14614802,"3.04%",40.77719879,-73.87259674,21,-5,"A","America/New_York","airport","OurAirports",1
"Massena","Massena","NY","New York",36089,"St. Lawrence","MSS","Massena International-Richards Field",4463,4852,"-8.02%",44.93579865,-74.84559631,215,-5,"A","America/New_York","airport","OurAirports",0
"Ithaca","Ithaca","NY","New York",36109,"Tompkins","ITH","Ithaca Tompkins Regional",99070,97212,"1.91%",42.49100113,-76.45839691,1099,-5,"A","America/New_York","airport","OurAirports",1
"Bradford","Bradford","PA","Pennsylvania",42083,"McKean","BFD","Bradford Regional",4191,3897,"7.54%",41.80310059,-78.64009857,2143,-5,"A","America/New_York","airport","OurAirports",0
"Altoona","Altoona","PA","Pennsylvania",42013,"Blair","AOO","Altoona-Blair County",4103,3806,"7.80%",40.29639816,-78.31999969,1503,-5,"A","America/New_York","airport","OurAirports",0
"Harrisburg","Harrisburg","PA","Pennsylvania",42043,"Dauphin","MDT","Harrisburg International",636756,582291,"9.35%",40.19350052,-76.76339722,310,-5,"A","America/New_York","airport","OurAirports",0
"Pittsburgh","Pittsburgh","PA","Pennsylvania",42003,"Allegheny","PIT","Pittsburgh International",4670033,4327434,"7.92%",40.49150085,-80.23290253,1203,-5,"A","America/New_York","airport","OurAirports",1
"Williamsport","Williamsport","PA","Pennsylvania",42081,"Lycoming","IPT","Williamsport Regional",22547,18323,"23.05%",41.2417984,-76.9210968,529,-5,"A","America/New_York","airport","OurAirports",0
"Johnstown","Johnstown","PA","Pennsylvania",42021,"Cambria","JST","John Murtha Johnstown-Cambria County",4381,3594,"21.90%",40.31610107,-78.83390045,2284,-5,"A","America/New_York","airport","OurAirports",0
"Erie","Erie","PA","Pennsylvania",42049,"Erie","ERI","Erie International/Tom Ridge Field",95342,85631,"11.34%",42.08312701,-80.17386675,732,-5,"A","America/New_York","airport","OurAirports",0
"Allentown","Allentown","PA","Pennsylvania",42077,"Lehigh","ABE","Lehigh Valley International",376468,328914,"14.46%",40.65209961,-75.44080353,393,-5,"A","America/New_York","airport","OurAirports",1
"Philadelphia","Philadelphia","PA","Pennsylvania",42101,"Philadelphia","PHL","Philadelphia International",15292670,14271243,"7.16%",39.87189865,-75.2410965,36,-5,"A","America/New_York","airport","OurAirports",1
"Latrobe","Latrobe","PA","Pennsylvania",42129,"Westmoreland","LBE","Arnold Palmer Regional",151410,151207,"0.13%",40.27590179,-79.40480042,1199,-5,"A","America/New_York","airport","OurAirports",0
"Reno","Reno","NV","Nevada",32031,"Washoe","RNO","Reno/Tahoe International",2048916,1953028,"4.91%",39.49909973,-119.7679977,4415,-8,"A","America/Los_Angeles","airport","OurAirports",1
"Las Vegas","Las Vegas","NV","Nevada",32003,"Clark","LAS","McCarran International",23795012,23364393,"1.84%",36.08010101,-115.1520004,2181,-8,"A","America/Los_Angeles","airport","OurAirports",1
"Elko","Elko","NV","Nevada",32007,"Elko","EKO","Elko Regional",18363,17115,"7.29%",40.82490158,-115.7919998,5140,-8,"A","America/Los_Angeles","airport","OurAirports",0
"Newport News","Newport News","VA","Virginia",51700,"Newport News","PHF","Newport News/Williamsburg International",195573,197994,"-1.22%",37.13190079,-76.49299622,42,-5,"A","America/New_York","airport","OurAirports",0
"Norfolk","Norfolk","VA","Virginia",51710,"Norfolk","ORF","Norfolk International",1846031,1694329,"8.95%",36.89459991,-76.20120239,26,-5,"A","America/New_York","airport","OurAirports",0
"Weyers Cave","Weyers Cave","VA","Virginia",51015,"Augusta","SHD","Shenandoah Valley Regional",12179,6605,"84.39%",38.26380157,-78.89640045,1201,-5,"A","America/New_York","airport","OurAirports",0
"Denver","Denver","CO","Colorado",8031,"Denver","DEN","Denver International",31362941,29809097,"5.21%",39.86169815,-104.6729965,5431,-7,"A","America/Denver","airport","OurAirports",1
"Grand Junction","Grand Junction","CO","Colorado",8077,"Mesa","GJT","Grand Junction Regional",221978,223452,"-0.66%",39.12239838,-108.5270004,4858,-7,"A","America/Denver","airport","OurAirports",1
"Colorado Springs","Colorado Springs","CO","Colorado",8041,"El Paso","COS","City of Colorado Springs Municipal",845742,815839,"3.67%",38.805801,-104.700996,6187,-7,"A","America/Denver","airport","OurAirports",1
"Gunnison","Gunnison","CO","Colorado",8051,"Gunnison","GUC","Gunnison-Crested Butte Regional",36238,32250,"12.37%",38.53390121,-106.9329987,7680,-7,"A","America/Denver","airport","OurAirports",1
"Aspen","Aspen","CO","Colorado",8097,"Pitkin","ASE","Aspen-Pitkin County/Sardy Field",285448,244808,"16.60%",39.22320175,-106.8690033,7820,-7,"A","America/Denver","airport","OurAirports",1
"Cortez","Cortez","CO","Colorado",8083,"Montezuma","CEZ","Cortez Municipal",8045,7890,"1.96%",37.3030014,-108.6279984,5918,-7,"A","America/Denver","airport","OurAirports",0
"Durango","Durango","CO","Colorado",8067,"La Plata","DRO","Durango-La Plata County",189225,186917,"1.23%",37.1515007,-107.7539978,6685,-7,"A","America/Denver","airport","OurAirports",0
"Pueblo","Pueblo","CO","Colorado",8101,"Pueblo","PUB","Pueblo Memorial",10459,3833,"172.87%",38.28910065,-104.4970016,4726,-7,"A","America/Denver","airport","OurAirports",1
"Alamosa","Alamosa","CO","Colorado",8003,"Alamosa","ALS","San Luis Valley Regional/Bergman Field",7125,6494,"9.72%",37.434898,-105.866997,7539,-7,"A","America/Denver","airport","OurAirports",0
"Hayden","Hayden","CO","Colorado",8107,"Routt","HDN","Yampa Valley",100079,96403,"3.81%",40.48120117,-107.2180023,6606,-7,"A","America/Denver","airport","OurAirports",1
"Redding","Redding","CA","California",6089,"Shasta","RDD","Redding Municipal",42775,42361,"0.98%",40.50899887,-122.2929993,505,-8,"A","America/Los_Angeles","airport","OurAirports",1
"Concord","Concord","CA","California",6013,"Contra Costa","CCR","Buchanan Field",13077,14517,"-9.92%",37.98970032,-122.0569992,26,-8,"A","America/Los_Angeles","airport","OurAirports",1
"Sacramento","Sacramento","CA","California",6067,"Sacramento","SMF","Sacramento International",5907629,5341595,"10.60%",38.69540024,-121.5910034,27,-8,"A","America/Los_Angeles","airport","OurAirports",1
"San Diego","San Diego","CA","California",6073,"San Diego","SAN","San Diego International",12174224,11139933,"9.28%",32.73360062,-117.1900024,17,-8,"A","America/Los_Angeles","airport","OurAirports",1
"Santa Ana","Santa Ana","CA","California",6059,"Orange","SNA","John Wayne Airport-Orange County",5201642,5082716,"2.34%",33.67570114,-117.8679962,56,-8,"A","America/Los_Angeles","airport","OurAirports",1
"Burbank","Burbank","CA","California",6037,"Los Angeles","BUR","Bob Hope",2680240,2402106,"11.58%",34.20069885,-118.3590012,778,-8,"A","America/Los_Angeles","airport","OurAirports",1
"Palm Springs","Palm Springs","CA","California",6065,"Riverside","PSP","Palm Springs International",1163883,1055970,"10.22%",33.82970047,-116.5070038,477,-8,"A","America/Los_Angeles","airport","OurAirports",1
"Stockton","Stockton","CA","California",6077,"San Joaquin","SCK","Stockton Metropolitan",98908,96201,"2.81%",37.89419937,-121.237999,33,-8,"A","America/Los_Angeles","airport","OurAirports",1
"San Luis Obispo","San Luis Obispo","CA","California",6079,"San Luis Obispo","SBP","San Luis County Regional",235570,197594,"19.22%",35.23680115,-120.6419983,212,-8,"A","America/Los_Angeles","airport","OurAirports",1
"Santa Barbara","Santa Barbara","CA","California",6083,"Santa Barbara","SBA","Santa Barbara Municipal",403745,356608,"13.22%",34.42620087,-119.8399963,13,-8,"A","America/Los_Angeles","airport","OurAirports",1
"Long Beach","Long Beach","CA","California",6037,"Los Angeles","LGB","Long Beach /Daugherty Field/",1908635,1830745,"4.25%",33.81769943,-118.1520004,60,-8,"A","America/Los_Angeles","airport","OurAirports",1
"Santa Maria","Santa Maria","CA","California",6083,"Santa Barbara","SMX","Santa Maria Public/Capt G Allan Hancock Field",23008,24527,"-6.19%",34.89889908,-120.4570007,261,-8,"A","America/Los_Angeles","airport","OurAirports",1
"Crescent City","Crescent City","CA","California",6015,"Del Norte","CEC","Jack McNamara Field",5907,6802,"-13.16%",41.78020096,-124.2369995,61,-8,"A","America/Los_Angeles","airport","OurAirports",0
"Ontario","Ontario","CA","California",6071,"San Bernardino","ONT","Ontario International",2498993,2247645,"11.18%",34.05599976,-117.6009979,944,-8,"A","America/Los_Angeles","airport","OurAirports",1
"Monterey","Monterey","CA","California",6053,"Monterey","MRY","Monterey Regional",186806,197099,"-5.22%",36.5870018,-121.8430023,257,-8,"A","America/Los_Angeles","airport","OurAirports",0
"Merced","Merced","CA","California",6047,"Merced","MCE","Merced Regional/Macready Field",7355,8318,"-11.58%",37.28469849,-120.5139999,155,-8,"A","America/Los_Angeles","airport","OurAirports",0
"Bakersfield","Bakersfield","CA","California",6029,"Kern","BFL","Meadows Field",105104,99472,"5.66%",35.43360138,-119.0569992,510,-8,"A","America/Los_Angeles","airport","OurAirports",0
"Mammoth Lakes","Mammoth Lakes","CA","California",6051,"Mono","MMH","Mammoth Yosemite",23522,21352,"10.16%",37.62409973,-118.8379974,7135,-8,"A","America/Los_Angeles","airport","OurAirports",0
"San Francisco","San Francisco","CA","California",6075,"San Francisco","SFO","San Francisco International",27790717,26900048,"3.31%",37.61899948,-122.375,13,-8,"A","America/Los_Angeles","airport","OurAirports",1
"Fresno","Fresno","CA","California",6019,"Fresno","FAT","Fresno Yosemite International",853538,755140,"13.03%",36.77619934,-119.7180023,336,-8,"A","America/Los_Angeles","airport","OurAirports",1
"Los Angeles","Los Angeles","CA","California",6037,"Los Angeles","LAX","Los Angeles International",42624050,41232432,"3.38%",33.94250107,-118.4079971,125,-8,"A","America/Los_Angeles","airport","OurAirports",1
"Santa Rosa","Santa Rosa","CA","California",6097,"Sonoma","STS","Charles M Schulz - Sonoma County",217480,195296,"11.36%",38.50899887,-122.8130035,128,-8,"A","America/Los_Angeles","airport","OurAirports",1
"Oakland","Oakland","CA","California",6001,"Alameda","OAK","Metropolitan Oakland International",6686603,6413842,"4.25%",37.721298,-122.221001,9,-8,"A","America/Los_Angeles","airport","OurAirports",1
"San Jose","San Jose","CA","California",6085,"Santa Clara","SJC","Norman Y Mineta San Jose International",7032851,6130878,"14.71%",37.362598,-121.929001,62,-8,"A","America/Los_Angeles","airport","OurAirports",1
"Imperial","Imperial","CA","California",6025,"Imperial","IPL","Imperial County",6648,6136,"8.34%",32.83420181,-115.5790024,-54,-8,"A","America/Los_Angeles","airport","OurAirports",1
"Birmingham","Birmingham","AL","Alabama",1073,"Jefferson|Shelby","BHM","Birmingham-Shuttlesworth International",1457562,1333967,"9.27%",33.56290054,-86.75350189,650,-6,"A","America/Chicago","airport","OurAirports",1
"Muscle Shoals","Muscle Shoals","AL","Alabama",1033,"Colbert","MSL","Northwest Alabama Regional",6123,6490,"-5.65%",34.74530029,-87.61019897,551,-6,"A","America/Chicago","airport","OurAirports",0
"Mobile","Mobile","AL","Alabama",1097,"Mobile","MOB","Mobile Regional",297544,288222,"3.23%",30.69120026,-88.24279785,219,-6,"A","America/Chicago","airport","OurAirports",0
"Dothan","Dothan","AL","Alabama",1069,"Houston|Henry|Dale","DHN","Dothan Regional",52855,47304,"11.73%",31.32130051,-85.44960022,401,-6,"A","America/Chicago","airport","OurAirports",0
"Huntsville","Huntsville","AL","Alabama",1089,"Madison|Limestone","HSV","Huntsville International-Carl T Jones Field",580932,519003,"11.93%",34.6371994,-86.77510071,629,-6,"A","America/Chicago","airport","OurAirports",0
"Fort Smith","Fort Smith","AR","Arkansas",5131,"Sebastian","FSM","Fort Smith Regional",86973,85726,"1.45%",35.33660126,-94.36740112,469,-6,"A","America/Chicago","airport","OurAirports",0
"Little Rock","Little Rock","AR","Arkansas",5119,"Pulaski","LIT","Bill and Hillary Clinton National/Adams Field",1031258,979530,"5.28%",34.72940063,-92.22429657,262,-6,"A","America/Chicago","airport","OurAirports",1
"Hot Springs","Hot Springs","AR","Arkansas",5051,"Garland","HOT","Memorial Field",4775,2654,"79.92%",34.47800064,-93.09619904,540,-6,"A","America/Chicago","airport","OurAirports",1
"Texarkana","Texarkana","AR","Arkansas",5091,"Miller","TXK","Texarkana Regional-Webb Field",37599,34101,"10.26%",33.45370102,-93.99099731,390,-6,"A","America/Chicago","airport","OurAirports",0
"Harrison","Harrison","AR","Arkansas",5009,"Boone","HRO","Boone County",5307,4371,"21.41%",36.26150131,-93.15470123,1365,-6,"A","America/Chicago","airport","OurAirports",0
"El Dorado","El Dorado","AR","Arkansas",5139,"Union","ELD","South Arkansas Regional at Goodwin Field",3655,1475,"147.80%",33.22100067,-92.81330109,277,-6,"A","America/Chicago","airport","OurAirports",0
"Jonesboro","Jonesboro","AR","Arkansas",5031,"Craighead","JBR","Jonesboro Municipal",5839,4785,"22.03%",35.83169937,-90.64640045,262,-6,"A","America/Chicago","airport","OurAirports",0
"Bentonville","Bentonville","AR","Arkansas",5007,"Benton","XNA","Northwest Arkansas Regional",759127,698257,"8.72%",36.281898,-94.306801,1287,-6,"A","America/Chicago","airport","OurAirports",0
"Burlington","Burlington","VT","Vermont",50007,"Chittenden","BTV","Burlington International",658879,578014,"13.99%",44.47190094,-73.15329742,335,-5,"A","America/New_York","airport","OurAirports",1
"Rutland","Rutland","VT","Vermont",50021,"Rutland","RUT","Rutland - Southern Vermont Regional",5554,5024,"10.55%",43.52939987,-72.94960022,787,-5,"A","America/New_York","airport","OurAirports",0
"Rockford","Rockford","IL","Illinois",17201,"Winnebago","RFD","Chicago/Rockford International",106710,112862,"-5.45%",42.19540024,-89.09719849,742,-6,"A","America/Chicago","airport","OurAirports",1
"Bloomington","Bloomington","IL","Illinois",17113,"McLean","BMI","Central IL Regional Airport at Bloomington-Normal",178057,163475,"8.92%",40.47710037,-88.91590118,871,-6,"A","America/Chicago","airport","OurAirports",0
"Marion","Marion","IL","Illinois",17199,"Williamson","MWA","Veterans Airport of Southern Illinois",11078,11029,"0.44%",37.75500107,-89.01110077,472,-6,"A","America/Chicago","airport","OurAirports",0
"Decatur","Decatur","IL","Illinois",17115,"Macon","DEC","Decatur",9519,8324,"14.36%",39.83459854,-88.86569977,682,-6,"A","America/Chicago","airport","OurAirports",0
"Springfield","Springfield","IL","Illinois",17167,"Sangamon","SPI","Abraham Lincoln Capital",76950,92048,"-16.40%",39.84410095,-89.67790222,598,-6,"A","America/Chicago","airport","OurAirports",1
"Belleville","Belleville","IL","Illinois",17163,"St. Clair","BLV","Scott AFB/Midamerica",152278,123841,"22.96%",38.5452,-89.835197,459,-6,"A","America/Chicago","airport","OurAirports",1
"Chicago","Chicago","IL","Illinois",17031,"Cook","ORD","Chicago O'Hare International",39873927,38593028,"3.32%",41.9786,-87.9048,672,-6,"A","America/Chicago","airport","OurAirports",1
"Chicago","Chicago","IL","Illinois",17031,"Cook","MDW","Chicago Midway International",10678018,10912074,"-2.14%",41.785999,-87.752403,620,-6,"A","America/Chicago","airport","OurAirports",1
"Quincy","Quincy","IL","Illinois",17001,"Adams","UIN","Quincy Regional-Baldwin Field",11633,7709,"50.90%",39.94269943,-91.19460297,768,-6,"A","America/Chicago","airport","OurAirports",0
"Moline","Moline","IL","Illinois",17161,"Rock Island","MLI","Quad City International",355241,335940,"5.75%",41.44850159,-90.50749969,590,-6,"A","America/Chicago","airport","OurAirports",0
"Peoria","Peoria","IL","Illinois",17143,"Peoria","PIA","General Downing - Peoria International",328769,312378,"5.25%",40.66419983,-89.69329834,660,-6,"A","America/Chicago","airport","OurAirports",0
"Columbus","Columbus","GA","Georgia",13215,"Muscogee","CSG","Columbus",49354,49773,"-0.84%",32.5163002,-84.93890381,397,-5,"A","America/New_York","airport","OurAirports",0
"Brunswick","Brunswick","GA","Georgia",13127,"Glynn","BQK","Brunswick Golden Isles",40443,36433,"11.01%",31.25880051,-81.46649933,26,-5,"A","America/New_York","airport","OurAirports",0
"Macon","Macon","GA","Georgia",13021,"Bibb","MCN","Middle Georgia Regional",15431,4857,"217.71%",32.69279861,-83.64920044,354,-5,"A","America/New_York","airport","OurAirports",0
"Valdosta","Valdosta","GA","Georgia",13185,"Lowndes","VLD","Valdosta Regional",44609,43738,"1.99%",30.78249931,-83.27670288,203,-5,"A","America/New_York","airport","OurAirports",1
"Albany","Albany","GA","Georgia",13095,"Dougherty","ABY","Southwest Georgia Regional",39422,37920,"3.96%",31.53549957,-84.19450378,197,-5,"A","America/New_York","airport","OurAirports",1
"Atlanta","Atlanta","GA","Georgia",13121,"Fulton|DeKalb|Cobb","ATL","Hartsfield - Jackson Atlanta International",51865797,50251964,"3.21%",33.6367,-84.428101,1026,-5,"A","America/New_York","airport","OurAirports",1
"Savannah","Savannah","GA","Georgia",13051,"Chatham","SAV","Savannah/Hilton Head International",1356660,1192340,"13.78%",32.12760162,-81.20210266,50,-5,"A","America/New_York","airport","OurAirports",0
"South Bend","South Bend","IN","Indiana",18141,"St. Joseph","SBN","South Bend International",366617,307471,"19.24%",41.70869827,-86.31729889,799,-5,"A","America/New_York","airport","OurAirports",1
"Fort Wayne","Fort Wayne","IN","Indiana",18003,"Allen","FWA","Fort Wayne International",372030,359658,"3.44%",40.97850037,-85.19509888,814,-5,"A","America/New_York","airport","OurAirports",0
"Indianapolis","Indianapolis","IN","Indiana",18097,"Marion","IND","Indianapolis International",4655847,4343722,"7.19%",39.7173,-86.294403,797,-5,"A","America/New_York","airport","OurAirports",1
"Evansville","Evansville","IN","Indiana",18163,"Vanderburgh","EVV","Evansville Regional",228850,213205,"7.34%",38.03699875,-87.53240204,418,-6,"A","America/Chicago","airport","OurAirports",0
"Waterloo","Waterloo","IA","Iowa",19013,"Black Hawk","ALO","Waterloo Regional",23892,27358,"-12.67%",42.55709839,-92.40029907,873,-6,"A","America/Chicago","airport","OurAirports",0
"Fort Dodge","Fort Dodge","IA","Iowa",19187,"Webster","FOD","Fort Dodge Regional",8359,7140,"17.07%",42.55149841,-94.19259644,1156,-6,"A","America/Chicago","airport","OurAirports",0
"Des Moines","Des Moines","IA","Iowa",19153,"Polk","DSM","Des Moines International",1347876,1257521,"7.19%",41.5340004,-93.6631012,958,-6,"A","America/Chicago","airport","OurAirports",0
"Burlington","Burlington","IA","Iowa",19057,"Des Moines","BRL","Southeast Iowa Regional",8513,7759,"9.72%",40.78319931,-91.12550354,698,-6,"A","America/Chicago","airport","OurAirports",0
"Cedar Rapids","Cedar Rapids","IA","Iowa",19113,"Linn","CID","The Eastern Iowa",602058,574636,"4.77%",41.88470078,-91.71080017,869,-6,"A","America/Chicago","airport","OurAirports",0
"Sioux City","Sioux City","IA","Iowa",19193,"Woodbury","SUX","Sioux Gateway/Brig Gen Bud Day Field",44779,41787,"7.16%",42.40259933,-96.38439941,1098,-6,"A","America/Chicago","airport","OurAirports",0
"Mason City","Mason City","IA","Iowa",19033,"Cerro Gordo","MCW","Mason City Municipal",8278,7502,"10.34%",43.15779877,-93.33129883,1213,-6,"A","America/Chicago","airport","OurAirports",0
"Boston","Boston","MA","Massachusetts",25025,"Suffolk","BOS","General Edward Lawrence Logan International",20006521,18759742,"6.65%",42.36429977,-71.00520325,20,-5,"A","America/New_York","airport","OurAirports",1
"Worcester","Worcester","MA","Massachusetts",25027,"Worcester","ORH","Worcester Regional",71631,53931,"32.82%",42.26729965,-71.8757019,1009,-5,"A","America/New_York","airport","OurAirports",1
"New Bedford","New Bedford","MA","Massachusetts",25005,"Bristol","EWB","New Bedford Regional",7956,5998,"32.64%",41.67610168,-70.95690155,80,-5,"A","America/New_York","airport","OurAirports",1
"Tucson","Tucson","AZ","Arizona",4019,"Pima","TUS","Tucson International",1753227,1669928,"4.99%",32.11610031,-110.9410019,2643,-7,"N","America/Phoenix","airport","OurAirports",1
"Phoenix","Phoenix","AZ","Arizona",4013,"Maricopa","PHX","Phoenix Sky Harbor International",21622580,21185458,"2.06%",33.43429947,-112.012001,1135,-7,"N","America/Phoenix","airport","OurAirports",1
"Prescott","Prescott","AZ","Arizona",4025,"Yavapai","PRC","Prescott Regional - Ernest A Love Field",10337,5888,"75.56%",34.65449905,-112.4199982,5045,-7,"A","America/Phoenix","airport","OurAirports",0
"Show Low","Show Low","AZ","Arizona",4017,"Navajo","SOW","Show Low Regional",4042,4917,"-17.80%",34.26549912,-110.0059967,6415,-7,"A","America/Phoenix","airport","OurAirports",0
"Page","Page","AZ","Arizona",4005,"Coconino","PGA","Page Municipal",25387,21347,"18.93%",36.92610168,-111.447998,4316,-7,"A","America/Phoenix","airport","OurAirports",0
"Flagstaff","Flagstaff","AZ","Arizona",4005,"Coconino","FLG","Flagstaff Pulliam",67793,70710,"-4.13%",35.13850021,-111.6709976,7014,-7,"N","America/Phoenix","airport","OurAirports",0
"Hailey","Hailey","ID","Idaho",16013,"Blaine","SUN","Friedman Memorial",93280,86641,"7.66%",43.50439835,-114.2959976,5318,-7,"A","America/Denver","airport","OurAirports",0
"Lewiston","Lewiston","ID","Idaho",16069,"Nez Perce","LWS","Lewiston-Nez Perce County",57957,76729,"-24.47%",46.37450027,-117.0149994,1442,-8,"A","America/Los_Angeles","airport","OurAirports",0
"Idaho Falls","Idaho Falls","ID","Idaho",16019,"Bonneville","IDA","Idaho Falls Regional",161019,147729,"9.00%",43.514599,-112.070999,4744,-7,"A","America/Denver","airport","OurAirports",0
"Boise","Boise","ID","Idaho",16001,"Ada","BOI","Boise Air Terminal/Gowen Field",1943181,1777642,"9.31%",43.5644,-116.223,2871,-7,"A","America/Denver","airport","OurAirports",1
"Twin Falls","Twin Falls","ID","Idaho",16083,"Twin Falls","TWF","Joslin Field - Magic Valley Regional",47084,45736,"2.95%",42.4818,-114.487999,4154,-7,"A","America/Denver","airport","OurAirports",0
"New Haven","New Haven","CT","Connecticut",9009,"New Haven","HVN","Tweed-New Haven",38991,28669,"36.00%",41.26369858,-72.88680267,12,-5,"A","America/New_York","airport","OurAirports",1
"Rockland","Rockland","ME","Maine",23013,"Knox","RKD","Knox County Regional",17133,16092,"6.47%",44.06010056,-69.09919739,56,-5,"A","America/New_York","airport","OurAirports",0
"Bangor","Bangor","ME","Maine",23019,"Penobscot","BGR","Bangor International",336410,302224,"11.31%",44.80739975,-68.82810211,192,-5,"A","America/New_York","airport","OurAirports",1
"Augusta","Augusta","ME","Maine",23011,"Kennebec","AUG","Augusta State",5530,5435,"1.75%",44.3205986,-69.79730225,352,-5,"A","America/New_York","airport","OurAirports",0
"Portland","Portland","ME","Maine",23005,"Cumberland","PWM","Portland International Jetport",1062873,925903,"14.79%",43.64619827,-70.30930328,76,-5,"A","America/New_York","airport","OurAirports",1
"Presque Isle","Presque Isle","ME","Maine",23003,"Aroostook","PQI","Presque Isle International",10865,12735,"-14.68%",46.68899918,-68.0447998,534,-5,"A","America/New_York","airport","OurAirports",0
"Salisbury","Salisbury","MD","Maryland",24045,"Wicomico","SBY","Salisbury-Ocean City Wicomico Regional",64393,57421,"12.14%",38.34049988,-75.51029968,52,-5,"A","America/New_York","airport","OurAirports",0
"Hagerstown","Hagerstown","MD","Maryland",24043,"Washington","HGR","Hagerstown Regional-Richard A Henson Field",23654,25584,"-7.54%",39.707901,-77.72949982,703,-5,"A","America/New_York","airport","OurAirports",0
"Stillwater","Stillwater","OK","Oklahoma",40119,"Payne","SWO","Stillwater Regional",27321,27370,"-0.18%",36.16120148,-97.08570099,1000,-6,"A","America/Chicago","airport","OurAirports",1
"Lawton","Lawton","OK","Oklahoma",40031,"Comanche","LAW","Lawton-Fort Sill Regional",48086,50939,"-5.60%",34.56769943,-98.41660309,1110,-6,"A","America/Chicago","airport","OurAirports",0
"Oklahoma City","Oklahoma City","OK","Oklahoma",40109,"Oklahoma|Cleveland|Canadian|Pottawatomie","OKC","Will Rogers World",2094708,1894289,"10.58%",35.39310074,-97.60070038,1295,-6,"A","America/Chicago","airport","OurAirports",1
"Tulsa","Tulsa","OK","Oklahoma",40143,"Tulsa|Osage|Rogers|Wagoner","TUL","Tulsa International",1482908,1374424,"7.89%",36.19839859,-95.88809967,677,-6,"A","America/Chicago","airport","OurAirports",1
"Akron","Akron","OH","Ohio",39153,"Summit","CAK","Akron-Canton Regional",449731,619321,"-27.38%",40.91609955,-81.44219971,1228,-5,"A","America/New_York","airport","OurAirports",1
"Columbus","Columbus","OH","Ohio",39049,"Franklin|Fairfield|Delaware","CMH","John Glenn Columbus International",3976620,3689570,"7.78%",39.998001,-82.891899,815,-5,"A","America/New_York","airport","OurAirports",1
"Columbus","Columbus","OH","Ohio",39049,"Franklin|Fairfield|Delaware","LCK","Rickenbacker International",154475,133649,"15.58%",39.813801,-82.927803,744,-5,"A","America/New_York","airport","OurAirports",1
"Youngstown","Youngstown","OH","Ohio",39099,"Mahoning|Trumbull","YNG","Youngstown-Warren Regional",2636,36455,"-92.77%",41.26070023,-80.67910004,1192,-5,"A","America/New_York","airport","OurAirports",0
"Dayton","Dayton","OH","Ohio",39113,"Montgomery","DAY","James M Cox Dayton International",858022,935373,"-8.27%",39.90240097,-84.2193985,1009,-5,"A","America/New_York","airport","OurAirports",0
"Toledo","Toledo","OH","Ohio",39095,"Lucas","TOL","Toledo Express",123541,102988,"19.96%",41.58679962,-83.80780029,683,-5,"A","America/New_York","airport","OurAirports",1
"Cleveland","Cleveland","OH","Ohio",39035,"Cuyahoga","CLE","Cleveland-Hopkins International",4701713,4446555,"5.74%",41.4117012,-81.84980011,791,-5,"A","America/New_York","airport","OurAirports",1
"Provo","Provo","UT","Utah",49049,"Utah","PVU","Provo Municipal",80106,91581,"-12.53%",40.21920013,-111.7229996,4497,-7,"A","America/Denver","airport","OurAirports",0
"Salt Lake City","Salt Lake City","UT","Utah",49035,"Salt Lake","SLC","Salt Lake City International",12226730,11615954,"5.26%",40.78839874,-111.9779968,4227,-7,"A","America/Denver","airport","OurAirports",1
"Moab","Moab","UT","Utah",49019,"Grand","CNY","Canyonlands Field",14035,10032,"39.90%",38.75500107,-109.7549973,4557,-7,"A","America/Denver","airport","OurAirports",0
"Vernal","Vernal","UT","Utah",49047,"Uintah","VEL","Vernal Regional",10658,6615,"61.12%",40.4408989,-109.5100021,5278,-7,"A","America/Denver","airport","OurAirports",0
"Cedar City","Cedar City","UT","Utah",49021,"Iron","CDC","Cedar City Regional",15835,15588,"1.58%",37.70100021,-113.098999,5622,-7,"A","America/Denver","airport","OurAirports",0
"Ogden","Ogden","UT","Utah",49057,"Weber","OGD","Ogden-Hinckley",18327,20324,"-9.83%",41.19589996,-112.012001,4473,-7,"A","America/Denver","airport","OurAirports",1
"Kansas City","Kansas City","MO","Missouri",29095,"Jackson|Clay|Platte|Cass","MCI","Kansas City International",5790847,5628581,"2.88%",39.2976,-94.713898,1026,-6,"A","America/Chicago","airport","OurAirports",0
"Springfield","Springfield","MO","Missouri",29077,"Greene|Christian","SGF","Springfield-Branson National",523108,483259,"8.25%",37.24570084,-93.38860321,1268,-6,"A","America/Chicago","airport","OurAirports",1
"Joplin","Joplin","MO","Missouri",29097,"Jasper|Newton","JLN","Joplin Regional",40013,35498,"12.72%",37.15179825,-94.49829865,981,-6,"A","America/Chicago","airport","OurAirports",0
"Kirksville","Kirksville","MO","Missouri",29001,"Adair","IRK","Kirksville Regional",5306,5152,"2.99%",40.09349823,-92.54489899,966,-6,"A","America/Chicago","airport","OurAirports",0
"Columbia","Columbia","MO","Missouri",29019,"Boone","COU","Columbia Regional",120235,88650,"35.63%",38.81809998,-92.21959686,889,-6,"A","America/Chicago","airport","OurAirports",0
"Bemidji","Bemidji","MN","Minnesota",27007,"Beltrami","BJI","Bemidji Regional",30081,29038,"3.59%",47.50939941,-94.93370056,1391,-6,"A","America/Chicago","airport","OurAirports",0
"Hibbing","Hibbing","MN","Minnesota",27137,"St. Louis","HIB","Range Regional",17111,15377,"11.28%",47.38660049,-92.83899689,1354,-6,"A","America/Chicago","airport","OurAirports",0
"Duluth","Duluth","MN","Minnesota",27137,"St. Louis","DLH","Duluth International",136806,122726,"11.47%",46.84209824,-92.19360352,1428,-6,"A","America/Chicago","airport","OurAirports",0
"International Falls","International Falls","MN","Minnesota",27071,"Koochiching","INL","Falls International-Einarson Field",17225,15278,"12.74%",48.56620026,-93.40309906,1185,-6,"A","America/Chicago","airport","OurAirports",0
"Minneapolis","Minneapolis","MN","Minnesota",27053,"Hennepin","MSP","Minneapolis-St Paul International/Wold-Chamberlain",18361942,18409704,"-0.26%",44.882,-93.221802,841,-6,"A","America/Chicago","airport","OurAirports",1
"Rochester","Rochester","MN","Minnesota",27109,"Olmsted","RST","Rochester International",182509,143675,"27.03%",43.90829849,-92.5,1317,-6,"A","America/Chicago","airport","OurAirports",1
"Thief River Falls","Thief River Falls","MN","Minnesota",27113,"Pennington","TVF","Thief River Falls Regional",4805,5735,"-16.22%",48.06570053,-96.18499756,1119,-6,"A","America/Chicago","airport","OurAirports",0
"Brainerd","Brainerd","MN","Minnesota",27035,"Crow Wing","BRD","Brainerd Lakes Regional",22233,21383,"3.98%",46.39830017,-94.13809967,1232,-6,"U","America/Chicago","airport","OurAirports",0
"Escanaba","Escanaba","MI","Michigan",26041,"Delta","ESC","Delta County",18474,16781,"10.09%",45.72269821,-87.09369659,609,-5,"A","America/New_York","airport","OurAirports",0
"Alpena","Alpena","MI","Michigan",26007,"Alpena","APN","Alpena County Regional",11614,11317,"2.62%",45.0780983,-83.56030273,690,-5,"A","America/New_York","airport","OurAirports",0
"Detroit","Detroit","MI","Michigan",26163,"Wayne","DTW","Detroit Metropolitan Wayne County",17436837,17036092,"2.35%",42.21239853,-83.35340118,645,-5,"A","America/New_York","airport","OurAirports",1
"Detroit","Detroit","MI","Michigan",26163,"Wayne","YIP","Willow Run",3987,2938,"35.70%",42.23789978,-83.53040314,716,-5,"A","America/New_York","airport","OurAirports",1
"Traverse City","Traverse City","MI","Michigan",26055,"Grand Traverse|Leelanau","TVC","Cherry Capital",247324,235137,"5.18%",44.74140167,-85.5821991,624,-5,"A","America/New_York","airport","OurAirports",0
"Muskegon","Muskegon","MI","Michigan",26121,"Muskegon","MKG","Muskegon County",18718,17007,"10.06%",43.16949844,-86.23819733,629,-5,"A","America/New_York","airport","OurAirports",0
"Flint","Flint","MI","Michigan",26049,"Genesee","FNT","Bishop International",361709,393549,"-8.09%",42.9654007,-83.74359894,782,-5,"A","America/New_York","airport","OurAirports",0
"Hancock","Hancock","MI","Michigan",26061,"Houghton","CMX","Houghton County Memorial",24041,24843,"-3.23%",47.16839981,-88.4890976,1095,-5,"A","America/New_York","airport","OurAirports",0
"Grand Rapids","Grand Rapids","MI","Michigan",26081,"Kent","GRR","Gerald R Ford International",1631398,1412132,"15.53%",42.88079834,-85.52279663,794,-5,"A","America/New_York","airport","OurAirports",1
"Kalamazoo","Kalamazoo","MI","Michigan",26077,"Kalamazoo","AZO","Kalamazoo/Battle Creek International",152845,146314,"4.46%",42.23490143,-85.55210114,874,-5,"A","America/New_York","airport","OurAirports",0
"Saginaw","Saginaw","MI","Michigan",26145,"Saginaw","MBS","MBS International",127627,110964,"15.02%",43.53290176,-84.07959747,668,-5,"A","America/New_York","airport","OurAirports",0
"Iron Mountain","Iron Mountain","MI","Michigan",26043,"Dickinson","IMT","Ford",19552,17707,"10.42%",45.81840134,-88.11450195,1182,-6,"A","America/Chicago","airport","OurAirports",0
"Pellston","Pellston","MI","Michigan",26047,"Emmet","PLN","Pellston Regional Airport of Emmet County",25464,23961,"6.27%",45.57089996,-84.79669952,721,-5,"A","America/New_York","airport","OurAirports",0
"Hays","Hays","KS","Kansas",20051,"Ellis","HYS","Hays Regional",11996,9460,"26.81%",38.84220123,-99.27320099,1999,-6,"A","America/Chicago","airport","OurAirports",0
"Dodge City","Dodge City","KS","Kansas",20057,"Ford","DDC","Dodge City Regional",3831,1003,"281.95%",37.76340103,-99.96559906,2594,-6,"A","America/Chicago","airport","OurAirports",0
"Liberal","Liberal","KS","Kansas",20175,"Seward","LBL","Liberal Mid-America Regional",7985,994,"703.32%",37.0442009,-100.9599991,2885,-6,"A","America/Chicago","airport","OurAirports",0
"Topeka","Topeka","KS","Kansas",20177,"Shawnee","FOE","Topeka Regional",2965,4901,"-39.50%",38.95090103,-95.66359711,1078,-6,"A","America/Chicago","airport","OurAirports",0
"Wichita","Wichita","KS","Kansas",20173,"Sedgwick","ICT","Wichita Dwight D Eisenhower National",812252,789533,"2.88%",37.649899,-97.433098,1333,-6,"A","America/Chicago","airport","OurAirports",0
"Salina","Salina","KS","Kansas",20169,"Saline","SLN","Salina Regional",15977,13850,"15.36%",38.79100037,-97.65219879,1288,-6,"A","America/Chicago","airport","OurAirports",0
"Manhattan","Manhattan","KS","Kansas",20161,"Riley","MHK","Manhattan Regional",72883,68791,"5.95%",39.14099884,-96.67079926,1057,-6,"A","America/Chicago","airport","OurAirports",0
"Garden City","Garden City","KS","Kansas",20055,"Finney","GCK","Garden City Regional",25243,26687,"-5.41%",37.92750168,-100.723999,2891,-6,"A","America/Chicago","airport","OurAirports",0
"Bozeman","Bozeman","MT","Montana",30031,"Gallatin","BZN","Bozeman Yellowstone International",670295,598712,"11.96%",45.77750015,-111.1529999,4473,-7,"A","America/Denver","airport","OurAirports",1
"Great Falls","Great Falls","MT","Montana",30013,"Cascade","GTF","Great Falls International",176434,171049,"3.15%",47.48199844,-111.3710022,3680,-7,"A","America/Denver","airport","OurAirports",0
"Glendive","Glendive","MT","Montana",30021,"Dawson","GDV","Dawson Community",2739,2229,"22.88%",47.13869858,-104.8069992,2458,-7,"A","America/Denver","airport","OurAirports",0
"Sidney","Sidney","MT","Montana",30083,"Richland","SDY","Sidney-Richland Regional",10055,8429,"19.29%",47.706902,-104.193001,1985,-7,"A","America/Denver","airport","OurAirports",0
"Billings","Billings","MT","Montana",30111,"Yellowstone","BIL","Billings Logan International",440263,415093,"6.06%",45.80770111,-108.5429993,3652,-7,"A","America/Denver","airport","OurAirports",1
"Missoula","Missoula","MT","Montana",30063,"Missoula","MSO","Missoula International",425563,387976,"9.69%",46.91630173,-114.0910034,3206,-7,"A","America/Denver","airport","OurAirports",1
"West Yellowstone","West Yellowstone","MT","Montana",30031,"Gallatin","WYS","Yellowstone",8200,8786,"-6.67%",44.68840027,-111.1179962,6649,-7,"A","America/Denver","airport","OurAirports",1
"Helena","Helena","MT","Montana",30049,"Lewis and Clark","HLN","Helena Regional",115438,103773,"11.24%",46.60680008,-111.9830017,3877,-7,"A","America/Denver","airport","OurAirports",0
"Glasgow","Glasgow","MT","Montana",30105,"Valley","GGW","Wokal Field/Glasgow-Valley County",4201,3517,"19.45%",48.212502,-106.614998,2296,-7,"A","America/Denver","airport","OurAirports",0
"Wolf Point","Wolf Point","MT","Montana",30085,"Roosevelt","OLF","L M Clayton",3851,3804,"1.24%",48.0945015,-105.5749969,1986,-7,"A","America/Denver","airport","OurAirports",0
"Butte","Butte","MT","Montana",30093,"Silver Bow","BTM","Bert Mooney",25803,27703,"-6.86%",45.95479965,-112.4970016,5550,-7,"A","America/Denver","airport","OurAirports",1
"Havre","Havre","MT","Montana",30041,"Hill","HVR","Havre City-County",3237,2716,"19.18%",48.54299927,-109.762001,2591,-7,"A","America/Denver","airport","OurAirports",0
"Gulfport","Gulfport","MS","Mississippi",28047,"Harrison","GPT","Gulfport-Biloxi International",359055,324611,"10.61%",30.40730095,-89.07009888,28,-6,"A","America/Chicago","airport","OurAirports",0
"Jackson","Jackson","MS","Mississippi",28049,"Hinds|Madison","JAN","Jackson-Medgar Wiley Evers International",489454,462655,"5.79%",32.31119919,-90.07589722,346,-6,"A","America/Chicago","airport","OurAirports",1
"Meridian","Meridian","MS","Mississippi",28075,"Lauderdale","MEI","Key Field",19332,23923,"-19.19%",32.33259964,-88.75189972,297,-6,"A","America/Chicago","airport","OurAirports",0
"Greenville","Greenville","MS","Mississippi",28151,"Washington","GLH","Greenville Mid-Delta",5634,5646,"-0.21%",33.48289871,-90.98560333,131,-6,"A","America/Chicago","airport","OurAirports",0
"Tupelo","Tupelo","MS","Mississippi",28081,"Lee","TUP","Tupelo Regional",13557,11441,"18.49%",34.26810074,-88.76989746,346,-6,"A","America/Chicago","airport","OurAirports",0
"Charleston","Charleston","SC","South Carolina",45019,"Charleston|Berkeley","CHS","Charleston AFB/International",2192893,1945699,"12.70%",32.89860153,-80.04049683,46,-5,"A","America/New_York","airport","OurAirports",1
"Florence","Florence","SC","South Carolina",45041,"Florence","FLO","Florence Regional",44333,42058,"5.41%",34.1853981,-79.72389984,146,-5,"A","America/New_York","airport","OurAirports",0
"Myrtle Beach","Myrtle Beach","SC","South Carolina",45051,"Horry","MYR","Myrtle Beach International",1254307,1131959,"10.81%",33.67969894,-78.92829895,25,-5,"A","America/New_York","airport","OurAirports",1
"Columbia","Columbia","SC","South Carolina",45079,"Richland|Lexington","CAE","Columbia Metropolitan",566660,510188,"11.07%",33.93880081,-81.11949921,236,-5,"A","America/New_York","airport","OurAirports",0
"Louisville","Louisville","KY","Kentucky",21111,"Jefferson","SDF","Louisville Muhammad Ali International",1877861,1684738,"11.46%",38.1744,-85.736,501,-5,"A","America/New_York","airport","OurAirports",1
"Owensboro","Owensboro","KY","Kentucky",21059,"Daviess","OWB","Owensboro-Daviess County Regional",19532,19578,"-0.23%",37.74010086,-87.16680145,407,-6,"A","America/Chicago","airport","OurAirports",0
"Eugene","Eugene","OR","Oregon",41039,"Lane","EUG","Mahlon Sweet Field",566832,529149,"7.12%",44.12459946,-123.211998,374,-8,"A","America/Los_Angeles","airport","OurAirports",0
"Medford","Medford","OR","Oregon",41029,"Jackson","MFR","Rogue Valley International - Medford",492217,440506,"11.74%",42.37419891,-122.8730011,1335,-8,"A","America/Los_Angeles","airport","OurAirports",1
"Portland","Portland","OR","Oregon",41051,"Multnomah|Washington|Clackamas","PDX","Portland International",9804868,9435473,"3.91%",45.58869934,-122.5979996,31,-8,"A","America/Los_Angeles","airport","OurAirports",1
"North Bend","North Bend","OR","Oregon",41011,"Coos","OTH","Southwest Oregon Regional",12369,12971,"-4.64%",43.417099,-124.2460022,17,-8,"A","America/Los_Angeles","airport","OurAirports",0
"Pendleton","Pendleton","OR","Oregon",41059,"Umatilla","PDT","Eastern Oregon Regional at Pendleton",6396,5701,"12.19%",45.69509888,-118.8410034,1497,-8,"A","America/Los_Angeles","airport","OurAirports",1
"Rapid City","Rapid City","SD","South Dakota",46103,"Pennington","RAP","Rapid City Regional",303471,286567,"5.90%",44.04529953,-103.0569992,3204,-7,"A","America/Denver","airport","OurAirports",1
"Sioux Falls","Sioux Falls","SD","South Dakota",46099,"Minnehaha|Lincoln","FSD","Joe Foss Field",529895,540877,"-2.03%",43.58200073,-96.74189758,1429,-6,"A","America/Chicago","airport","OurAirports",1
"Aberdeen","Aberdeen","SD","South Dakota",46013,"Brown","ABR","Aberdeen Regional",28404,27635,"2.78%",45.44910049,-98.42179871,1302,-6,"A","America/Chicago","airport","OurAirports",0
"Pierre","Pierre","SD","South Dakota",46065,"Hughes","PIR","Pierre Regional",30124,32822,"-8.22%",44.38270187,-100.2860031,1744,-6,"A","America/Chicago","airport","OurAirports",0
"Watertown","Watertown","SD","South Dakota",46029,"Codington","ATY","Watertown Regional",12064,11160,"8.10%",44.91400146,-97.15470123,1749,-6,"A","America/Chicago","airport","OurAirports",0
